Abigail Smith,b0000001
Blake Jones,b0000002
Cameron Brown,b0000003
Daniel Green,b0000004
Emily White,b0000005
Ethan Williams,b0000006
Gabriel Garcia,b0000007
Hannah Hernandez,b0000008
Isabella Martinez,b0000009
Jackson Lopez,b0000010
Kevin Nguyen,b0000011
Lauren Parker,b0000012
Mason Rodriguez,b0000013
Olivia Smith,b0000014
Owen Thomas,b0000015
Peyton Walker,b0000016
Sophia Wilson,b0000017
William Anderson,b0000018
Zachary Brown,b0000019
Zoey Carter,b0000020
Aaron Davis,b0000021
Ashley Edwards,b0000022
Brandon Garcia,b0000023
Chloe Hall,b0000024
Christopher Hernandez,b0000025
David Jackson,b0000026
Emily Johnson,b0000027
Ethan King,b0000028
Gabriel Lopez,b0000029
Hannah Martinez,b0000030
Isabella Mitchell,b0000031
Jackson Nguyen,b0000032
Kevin Parker,b0000033
Lauren Rodriguez,b0000034
Mason Smith,b0000035
Olivia Thomas,b0000036
Owen Walker,b0000037
Peyton Wilson,b0000038
Sophia Wright,b0000039
William Young,b0000040
Zachary Adams,b0000041
Zoey Anderson,b0000042
Aaron Baker,b0000043
Ashley Brown,b0000044
Brandon Carter,b0000045
Chloe Davis,b0000046
Christopher Edwards,b0000047
David Garcia,b0000048
Emily Hall,b0000049
Ethan Jackson,b0000050
," "